S/No,Key Topics,Author,Book-id
1,Murder on the orient exp,Agatha,cl173407
2,My absolute darling,Gabriel,cl173408
3,Naruto,Masashi,cl173409
4,I saw her die,Ian,cl173410
5,Good as gone,Amasol,cl173411
6,The girl who lied,Sue,cl173412
7,Holiday,Sarah,cl173413
8,Reservoire,John,cl173414
9,A game of thrones,George,cl173415
10,Beren,Tolkein,cl173416
11,The secrete of diamond,Gill,cl173417
12,House of spies,Daniel,cl173418
13,Force of nature,Jane,cl173419
14,Underground,Colson,cl173420
15,Little fires,B.A.Paris,cl173421
16,The power,Joseph,cl988011
